video_path,image_path,label_path,fps,total_frame
../Aff-Wild2/video\10-60-1280x720.mp4,../Aff-Wild2/aligned\10-60-1280x720,../Aff-Wild2/label/VA_Estimation_Challenge\Train_Set\10-60-1280x720.txt,30.0,2502.0
../Aff-Wild2/video\10-60-1280x720.mp4,../Aff-Wild2/aligned\10-60-1280x720_right,../Aff-Wild2/label/VA_Estimation_Challenge\Train_Set\10-60-1280x720_right.txt,30.0,2502.0
../Aff-Wild2/video\100-29-1080x1920.mp4,../Aff-Wild2/aligned\100-29-1080x1920,../Aff-Wild2/label/VA_Estimation_Challenge\Train_Set\100-29-1080x1920.txt,30.0,2640.0
../Aff-Wild2/video\101-30-1080x1920.mp4,../Aff-Wild2/aligned\101-30-1080x1920,../Aff-Wild2/label/VA_Estimation_Challenge\Train_Set\101-30-1080x1920.txt,30.0,5154.0
../Aff-Wild2/video\104-17-720x480.mp4,../Aff-Wild2/aligned\104-17-720x480,../Aff-Wild2/label/VA_Estimation_Challenge\Train_Set\104-17-720x480.txt,30.0,2426.0
../Aff-Wild2/video\105.avi,../Aff-Wild2/aligned\105,../Aff-Wild2/label/VA_Estimation_Challenge\Train_Set\105.txt,29.97002997002997,10077.0
../Aff-Wild2/video\106-30-720x1280.mp4,../Aff-Wild2/aligned\106-30-720x1280,../Aff-Wild2/label/VA_Estimation_Challenge\Train_Set\106-30-720x1280.txt,30.0,1405.0
../Aff-Wild2/video\106.avi,../Aff-Wild2/aligned\106,../Aff-Wild2/label/VA_Estimation_Challenge\Train_Set\106.txt,23.976023976023978,8164.0
../Aff-Wild2/video\107.avi,../Aff-Wild2/aligned\107,../Aff-Wild2/label/VA_Estimation_Challenge\Train_Set\107.txt,29.97002997002997,5316.0
../Aff-Wild2/video\108.avi,../Aff-Wild2/aligned\108,../Aff-Wild2/label/VA_Estimation_Challenge\Train_Set\108.txt,23.976023976023978,4679.0
../Aff-Wild2/video\110-30-270x480.mp4,../Aff-Wild2/aligned\110-30-270x480,../Aff-Wild2/label/VA_Estimation_Challenge\Train_Set\110-30-270x480.txt,30.0,9979.0
../Aff-Wild2/video\110.avi,../Aff-Wild2/aligned\110,../Aff-Wild2/label/VA_Estimation_Challenge\Train_Set\110.txt,30.0,5505.0
../Aff-Wild2/video\111-25-1920x1080.mp4,../Aff-Wild2/aligned\111-25-1920x1080,../Aff-Wild2/label/VA_Estimation_Challenge\Train_Set\111-25-1920x1080.txt,30.0,772.0
../Aff-Wild2/video\111.avi,../Aff-Wild2/aligned\111,../Aff-Wild2/label/VA_Estimation_Challenge\Train_Set\111.txt,29.97002997002997,7247.0
../Aff-Wild2/video\112.avi,../Aff-Wild2/aligned\112,../Aff-Wild2/label/VA_Estimation_Challenge\Train_Set\112.txt,23.976023976023978,5916.0
../Aff-Wild2/video\113.avi,../Aff-Wild2/aligned\113,../Aff-Wild2/label/VA_Estimation_Challenge\Train_Set\113.txt,29.97002997002997,15021.0
../Aff-Wild2/video\114.avi,../Aff-Wild2/aligned\114,../Aff-Wild2/label/VA_Estimation_Challenge\Train_Set\114.txt,29.97002997002997,2450.0
../Aff-Wild2/video\116-30-1280x720.mp4,../Aff-Wild2/aligned\116-30-1280x720,../Aff-Wild2/label/VA_Estimation_Challenge\Train_Set\116-30-1280x720.txt,30.0,6184.0
../Aff-Wild2/video\116.avi,../Aff-Wild2/aligned\116,../Aff-Wild2/label/VA_Estimation_Challenge\Train_Set\116.txt,30.0,2518.0
../Aff-Wild2/video\117-25-1920x1080.mp4,../Aff-Wild2/aligned\117-25-1920x1080,../Aff-Wild2/label/VA_Estimation_Challenge\Train_Set\117-25-1920x1080.txt,30.0,4082.0
../Aff-Wild2/video\117.avi,../Aff-Wild2/aligned\117,../Aff-Wild2/label/VA_Estimation_Challenge\Train_Set\117.txt,29.97002997002997,5466.0
../Aff-Wild2/video\118.avi,../Aff-Wild2/aligned\118,../Aff-Wild2/label/VA_Estimation_Challenge\Train_Set\118.txt,29.97002997002997,588.0
../Aff-Wild2/video\119-30-848x480.mp4,../Aff-Wild2/aligned\119-30-848x480,../Aff-Wild2/label/VA_Estimation_Challenge\Train_Set\119-30-848x480.txt,30.0,1652.0
../Aff-Wild2/video\120-30-1280x720.mp4,../Aff-Wild2/aligned\120-30-1280x720,../Aff-Wild2/label/VA_Estimation_Challenge\Train_Set\120-30-1280x720.txt,30.0,15042.0
../Aff-Wild2/video\120.avi,../Aff-Wild2/aligned\120,../Aff-Wild2/label/VA_Estimation_Challenge\Train_Set\120.txt,25.0,3592.0
../Aff-Wild2/video\121-24-1920x1080.mp4,../Aff-Wild2/aligned\121-24-1920x1080,../Aff-Wild2/label/VA_Estimation_Challenge\Train_Set\121-24-1920x1080.txt,30.0,10629.0
../Aff-Wild2/video\121.avi,../Aff-Wild2/aligned\121,../Aff-Wild2/label/VA_Estimation_Challenge\Train_Set\121.txt,29.97002997002997,4414.0
../Aff-Wild2/video\122-60-1920x1080-1.mp4,../Aff-Wild2/aligned\122-60-1920x1080-1,../Aff-Wild2/label/VA_Estimation_Challenge\Train_Set\122-60-1920x1080-1.txt,30.0,7863.0
../Aff-Wild2/video\122-60-1920x1080-2.mp4,../Aff-Wild2/aligned\122-60-1920x1080-2,../Aff-Wild2/label/VA_Estimation_Challenge\Train_Set\122-60-1920x1080-2.txt,30.0,7173.0
../Aff-Wild2/video\122-60-1920x1080-3.mp4,../Aff-Wild2/aligned\122-60-1920x1080-3,../Aff-Wild2/label/VA_Estimation_Challenge\Train_Set\122-60-1920x1080-3.txt,30.0,9244.0
../Aff-Wild2/video\122-60-1920x1080-4.mp4,../Aff-Wild2/aligned\122-60-1920x1080-4,../Aff-Wild2/label/VA_Estimation_Challenge\Train_Set\122-60-1920x1080-4.txt,30.0,7684.0
../Aff-Wild2/video\122-60-1920x1080-5.mp4,../Aff-Wild2/aligned\122-60-1920x1080-5,../Aff-Wild2/label/VA_Estimation_Challenge\Train_Set\122-60-1920x1080-5.txt,30.0,12066.0
../Aff-Wild2/video\122.avi,../Aff-Wild2/aligned\122,../Aff-Wild2/label/VA_Estimation_Challenge\Train_Set\122.txt,29.97002997002997,4128.0
../Aff-Wild2/video\123-25-1920x1080.mp4,../Aff-Wild2/aligned\123-25-1920x1080,../Aff-Wild2/label/VA_Estimation_Challenge\Train_Set\123-25-1920x1080.txt,30.0,27242.0
../Aff-Wild2/video\123.avi,../Aff-Wild2/aligned\123,../Aff-Wild2/label/VA_Estimation_Challenge\Train_Set\123.txt,29.97002997002997,9777.0
../Aff-Wild2/video\124-30-720x1280.mp4,../Aff-Wild2/aligned\124-30-720x1280,../Aff-Wild2/label/VA_Estimation_Challenge\Train_Set\124-30-720x1280.txt,30.0,10495.0
../Aff-Wild2/video\125-25-1280x720.mp4,../Aff-Wild2/aligned\125-25-1280x720,../Aff-Wild2/label/VA_Estimation_Challenge\Train_Set\125-25-1280x720.txt,30.0,6842.0
../Aff-Wild2/video\125.avi,../Aff-Wild2/aligned\125,../Aff-Wild2/label/VA_Estimation_Challenge\Train_Set\125.txt,29.97002997002997,4366.0
../Aff-Wild2/video\126.avi,../Aff-Wild2/aligned\126,../Aff-Wild2/label/VA_Estimation_Challenge\Train_Set\126.txt,29.97002997002997,6287.0
../Aff-Wild2/video\127.avi,../Aff-Wild2/aligned\127,../Aff-Wild2/label/VA_Estimation_Challenge\Train_Set\127.txt,29.97002997002997,8124.0
../Aff-Wild2/video\128.avi,../Aff-Wild2/aligned\128,../Aff-Wild2/label/VA_Estimation_Challenge\Train_Set\128.txt,30.0,6287.0
../Aff-Wild2/video\129-24-1280x720.mp4,../Aff-Wild2/aligned\129-24-1280x720,../Aff-Wild2/label/VA_Estimation_Challenge\Train_Set\129-24-1280x720.txt,30.0,6154.0
../Aff-Wild2/video\129.avi,../Aff-Wild2/aligned\129,../Aff-Wild2/label/VA_Estimation_Challenge\Train_Set\129.txt,23.976023976023978,9014.0
../Aff-Wild2/video\131-30-1920x1080.mp4,../Aff-Wild2/aligned\131-30-1920x1080,../Aff-Wild2/label/VA_Estimation_Challenge\Train_Set\131-30-1920x1080.txt,30.0,8013.0
../Aff-Wild2/video\131.avi,../Aff-Wild2/aligned\131,../Aff-Wild2/label/VA_Estimation_Challenge\Train_Set\131.txt,23.976023976023978,4778.0
../Aff-Wild2/video\132.avi,../Aff-Wild2/aligned\132,../Aff-Wild2/label/VA_Estimation_Challenge\Train_Set\132.txt,29.97002997002997,5660.0
../Aff-Wild2/video\133.avi,../Aff-Wild2/aligned\133,../Aff-Wild2/label/VA_Estimation_Challenge\Train_Set\133.txt,23.976023976023978,461.0
../Aff-Wild2/video\134.avi,../Aff-Wild2/aligned\134,../Aff-Wild2/label/VA_Estimation_Challenge\Train_Set\134.txt,15.452,1790.0
../Aff-Wild2/video\135-24-1920x1080.mp4,../Aff-Wild2/aligned\135-24-1920x1080_left,../Aff-Wild2/label/VA_Estimation_Challenge\Train_Set\135-24-1920x1080_left.txt,30.0,9424.0
../Aff-Wild2/video\135-24-1920x1080.mp4,../Aff-Wild2/aligned\135-24-1920x1080_right,../Aff-Wild2/label/VA_Estimation_Challenge\Train_Set\135-24-1920x1080_right.txt,30.0,9424.0
../Aff-Wild2/video\135.avi,../Aff-Wild2/aligned\135,../Aff-Wild2/label/VA_Estimation_Challenge\Train_Set\135.txt,23.976023976023978,3592.0
../Aff-Wild2/video\136-30-1920x1080.mp4,../Aff-Wild2/aligned\136-30-1920x1080,../Aff-Wild2/label/VA_Estimation_Challenge\Train_Set\136-30-1920x1080.txt,30.0,7530.0
../Aff-Wild2/video\136.avi,../Aff-Wild2/aligned\136,../Aff-Wild2/label/VA_Estimation_Challenge\Train_Set\136.txt,25.0,4488.0
../Aff-Wild2/video\137.avi,../Aff-Wild2/aligned\137,../Aff-Wild2/label/VA_Estimation_Challenge\Train_Set\137.txt,30.0,4787.0
../Aff-Wild2/video\138-30-1280x720.mp4,../Aff-Wild2/aligned\138-30-1280x720,../Aff-Wild2/label/VA_Estimation_Challenge\Train_Set\138-30-1280x720.txt,30.0,3332.0
../Aff-Wild2/video\138.avi,../Aff-Wild2/aligned\138,../Aff-Wild2/label/VA_Estimation_Challenge\Train_Set\138.txt,29.97002997002997,5584.0
../Aff-Wild2/video\139-14-720x480.mp4,../Aff-Wild2/aligned\139-14-720x480,../Aff-Wild2/label/VA_Estimation_Challenge\Train_Set\139-14-720x480.txt,30.0,10014.0
../Aff-Wild2/video\140-30-632x360.mp4,../Aff-Wild2/aligned\140-30-632x360,../Aff-Wild2/label/VA_Estimation_Challenge\Train_Set\140-30-632x360.txt,30.0,6755.0
../Aff-Wild2/video\140.avi,../Aff-Wild2/aligned\140,../Aff-Wild2/label/VA_Estimation_Challenge\Train_Set\140.txt,29.97002997002997,4583.0
../Aff-Wild2/video\141.avi,../Aff-Wild2/aligned\141,../Aff-Wild2/label/VA_Estimation_Challenge\Train_Set\141.txt,29.97002997002997,4406.0
../Aff-Wild2/video\143.avi,../Aff-Wild2/aligned\143,../Aff-Wild2/label/VA_Estimation_Challenge\Train_Set\143.txt,29.97002997002997,10103.0
../Aff-Wild2/video\144.avi,../Aff-Wild2/aligned\144,../Aff-Wild2/label/VA_Estimation_Challenge\Train_Set\144.txt,29.97002997002997,15606.0
../Aff-Wild2/video\146.avi,../Aff-Wild2/aligned\146,../Aff-Wild2/label/VA_Estimation_Challenge\Train_Set\146.txt,15.916666666666666,4851.0
../Aff-Wild2/video\148.avi,../Aff-Wild2/aligned\148,../Aff-Wild2/label/VA_Estimation_Challenge\Train_Set\148.txt,29.97002997002997,18145.0
../Aff-Wild2/video\149.avi,../Aff-Wild2/aligned\149,../Aff-Wild2/label/VA_Estimation_Challenge\Train_Set\149.txt,29.97002997002997,15659.0
../Aff-Wild2/video\15-24-1920x1080.mp4,../Aff-Wild2/aligned\15-24-1920x1080,../Aff-Wild2/label/VA_Estimation_Challenge\Train_Set\15-24-1920x1080.txt,30.0,3593.0
../Aff-Wild2/video\150.avi,../Aff-Wild2/aligned\150,../Aff-Wild2/label/VA_Estimation_Challenge\Train_Set\150.txt,29.97002997002997,13016.0
../Aff-Wild2/video\151.avi,../Aff-Wild2/aligned\151,../Aff-Wild2/label/VA_Estimation_Challenge\Train_Set\151.txt,22.0,965.0
../Aff-Wild2/video\153.avi,../Aff-Wild2/aligned\153,../Aff-Wild2/label/VA_Estimation_Challenge\Train_Set\153.txt,29.97,3678.0
../Aff-Wild2/video\154.avi,../Aff-Wild2/aligned\154,../Aff-Wild2/label/VA_Estimation_Challenge\Train_Set\154.txt,29.97002997002997,3363.0
../Aff-Wild2/video\155.avi,../Aff-Wild2/aligned\155,../Aff-Wild2/label/VA_Estimation_Challenge\Train_Set\155.txt,25.0,3114.0
../Aff-Wild2/video\156.avi,../Aff-Wild2/aligned\156,../Aff-Wild2/label/VA_Estimation_Challenge\Train_Set\156.txt,30.0,4926.0
../Aff-Wild2/video\157.avi,../Aff-Wild2/aligned\157,../Aff-Wild2/label/VA_Estimation_Challenge\Train_Set\157.txt,24.026696329254726,2605.0
../Aff-Wild2/video\158.avi,../Aff-Wild2/aligned\158,../Aff-Wild2/label/VA_Estimation_Challenge\Train_Set\158.txt,29.97002997002997,3032.0
../Aff-Wild2/video\160.avi,../Aff-Wild2/aligned\160,../Aff-Wild2/label/VA_Estimation_Challenge\Train_Set\160.txt,29.917,838.0
../Aff-Wild2/video\161.avi,../Aff-Wild2/aligned\161,../Aff-Wild2/label/VA_Estimation_Challenge\Train_Set\161.txt,13.75,1729.0
../Aff-Wild2/video\162.avi,../Aff-Wild2/aligned\162,../Aff-Wild2/label/VA_Estimation_Challenge\Train_Set\162.txt,30.0,7935.0
../Aff-Wild2/video\163.avi,../Aff-Wild2/aligned\163,../Aff-Wild2/label/VA_Estimation_Challenge\Train_Set\163.txt,30.0,3938.0
../Aff-Wild2/video\166.avi,../Aff-Wild2/aligned\166,../Aff-Wild2/label/VA_Estimation_Challenge\Train_Set\166.txt,29.97002997002997,4515.0
../Aff-Wild2/video\167.avi,../Aff-Wild2/aligned\167,../Aff-Wild2/label/VA_Estimation_Challenge\Train_Set\167.txt,24.0,4718.0
../Aff-Wild2/video\168.avi,../Aff-Wild2/aligned\168,../Aff-Wild2/label/VA_Estimation_Challenge\Train_Set\168.txt,30.0,2979.0
../Aff-Wild2/video\169.avi,../Aff-Wild2/aligned\169,../Aff-Wild2/label/VA_Estimation_Challenge\Train_Set\169.txt,29.97002997002997,2863.0
../Aff-Wild2/video\17-24-1920x1080.mp4,../Aff-Wild2/aligned\17-24-1920x1080,../Aff-Wild2/label/VA_Estimation_Challenge\Train_Set\17-24-1920x1080.txt,30.0,5788.0
../Aff-Wild2/video\172.avi,../Aff-Wild2/aligned\172,../Aff-Wild2/label/VA_Estimation_Challenge\Train_Set\172.txt,29.97,11645.0
../Aff-Wild2/video\175.avi,../Aff-Wild2/aligned\175,../Aff-Wild2/label/VA_Estimation_Challenge\Train_Set\175.txt,24.0,2503.0
../Aff-Wild2/video\176.avi,../Aff-Wild2/aligned\176,../Aff-Wild2/label/VA_Estimation_Challenge\Train_Set\176.txt,30.0,6416.0
../Aff-Wild2/video\177.avi,../Aff-Wild2/aligned\177,../Aff-Wild2/label/VA_Estimation_Challenge\Train_Set\177.txt,29.97002997002997,3127.0
../Aff-Wild2/video\178.avi,../Aff-Wild2/aligned\178,../Aff-Wild2/label/VA_Estimation_Challenge\Train_Set\178.txt,30.0,5841.0
../Aff-Wild2/video\179.avi,../Aff-Wild2/aligned\179,../Aff-Wild2/label/VA_Estimation_Challenge\Train_Set\179.txt,30.0,4451.0
../Aff-Wild2/video\18-24-1920x1080.mp4,../Aff-Wild2/aligned\18-24-1920x1080,../Aff-Wild2/label/VA_Estimation_Challenge\Train_Set\18-24-1920x1080.txt,30.0,4831.0
../Aff-Wild2/video\181.avi,../Aff-Wild2/aligned\181,../Aff-Wild2/label/VA_Estimation_Challenge\Train_Set\181.txt,30.0,5862.0
../Aff-Wild2/video\182.avi,../Aff-Wild2/aligned\182,../Aff-Wild2/label/VA_Estimation_Challenge\Train_Set\182.txt,29.97002997002997,4356.0
../Aff-Wild2/video\183.avi,../Aff-Wild2/aligned\183,../Aff-Wild2/label/VA_Estimation_Challenge\Train_Set\183.txt,30.0,2770.0
../Aff-Wild2/video\184.avi,../Aff-Wild2/aligned\184,../Aff-Wild2/label/VA_Estimation_Challenge\Train_Set\184.txt,29.97002997002997,3791.0
../Aff-Wild2/video\185.avi,../Aff-Wild2/aligned\185,../Aff-Wild2/label/VA_Estimation_Challenge\Train_Set\185.txt,29.97002997002997,4053.0
../Aff-Wild2/video\186.avi,../Aff-Wild2/aligned\186,../Aff-Wild2/label/VA_Estimation_Challenge\Train_Set\186.txt,24.0,4166.0
../Aff-Wild2/video\187.avi,../Aff-Wild2/aligned\187,../Aff-Wild2/label/VA_Estimation_Challenge\Train_Set\187.txt,30.0,4405.0
../Aff-Wild2/video\188.avi,../Aff-Wild2/aligned\188,../Aff-Wild2/label/VA_Estimation_Challenge\Train_Set\188.txt,29.97002997002997,5987.0
../Aff-Wild2/video\189.avi,../Aff-Wild2/aligned\189,../Aff-Wild2/label/VA_Estimation_Challenge\Train_Set\189.txt,29.97002997002997,3855.0
../Aff-Wild2/video\19-24-1920x1080.mp4,../Aff-Wild2/aligned\19-24-1920x1080,../Aff-Wild2/label/VA_Estimation_Challenge\Train_Set\19-24-1920x1080.txt,30.0,6634.0
../Aff-Wild2/video\190.avi,../Aff-Wild2/aligned\190,../Aff-Wild2/label/VA_Estimation_Challenge\Train_Set\190.txt,29.97,5427.0
../Aff-Wild2/video\191.avi,../Aff-Wild2/aligned\191,../Aff-Wild2/label/VA_Estimation_Challenge\Train_Set\191.txt,29.97002997002997,5249.0
../Aff-Wild2/video\192.avi,../Aff-Wild2/aligned\192,../Aff-Wild2/label/VA_Estimation_Challenge\Train_Set\192.txt,25.0,3599.0
../Aff-Wild2/video\193.avi,../Aff-Wild2/aligned\193,../Aff-Wild2/label/VA_Estimation_Challenge\Train_Set\193.txt,29.97002997002997,3984.0
../Aff-Wild2/video\195.avi,../Aff-Wild2/aligned\195,../Aff-Wild2/label/VA_Estimation_Challenge\Train_Set\195.txt,29.97002997002997,6118.0
../Aff-Wild2/video\196.avi,../Aff-Wild2/aligned\196,../Aff-Wild2/label/VA_Estimation_Challenge\Train_Set\196.txt,29.97002997002997,5454.0
../Aff-Wild2/video\198.avi,../Aff-Wild2/aligned\198,../Aff-Wild2/label/VA_Estimation_Challenge\Train_Set\198.txt,23.976023976023978,2285.0
../Aff-Wild2/video\20-24-1920x1080.mp4,../Aff-Wild2/aligned\20-24-1920x1080,../Aff-Wild2/label/VA_Estimation_Challenge\Train_Set\20-24-1920x1080.txt,30.0,5275.0
../Aff-Wild2/video\200.avi,../Aff-Wild2/aligned\200,../Aff-Wild2/label/VA_Estimation_Challenge\Train_Set\200.txt,29.97002997002997,5040.0
../Aff-Wild2/video\201.mp4,../Aff-Wild2/aligned\201,../Aff-Wild2/label/VA_Estimation_Challenge\Train_Set\201.txt,18.990912289913034,1361.0
../Aff-Wild2/video\202.mp4,../Aff-Wild2/aligned\202,../Aff-Wild2/label/VA_Estimation_Challenge\Train_Set\202.txt,19.496083845143943,941.0
../Aff-Wild2/video\203.mp4,../Aff-Wild2/aligned\203,../Aff-Wild2/label/VA_Estimation_Challenge\Train_Set\203.txt,23.976023976023978,3965.0
../Aff-Wild2/video\206.mp4,../Aff-Wild2/aligned\206,../Aff-Wild2/label/VA_Estimation_Challenge\Train_Set\206.txt,30.0,4477.0
../Aff-Wild2/video\207.mp4,../Aff-Wild2/aligned\207,../Aff-Wild2/label/VA_Estimation_Challenge\Train_Set\207.txt,21.905115327524015,3039.0
../Aff-Wild2/video\208.mp4,../Aff-Wild2/aligned\208,../Aff-Wild2/label/VA_Estimation_Challenge\Train_Set\208.txt,29.757738896366085,5160.0
../Aff-Wild2/video\210.mp4,../Aff-Wild2/aligned\210,../Aff-Wild2/label/VA_Estimation_Challenge\Train_Set\210.txt,21.068813947667618,3239.0
../Aff-Wild2/video\211.mp4,../Aff-Wild2/aligned\211,../Aff-Wild2/label/VA_Estimation_Challenge\Train_Set\211.txt,23.976028407490457,2163.0
../Aff-Wild2/video\213.mp4,../Aff-Wild2/aligned\213,../Aff-Wild2/label/VA_Estimation_Challenge\Train_Set\213.txt,30.0,6398.0
../Aff-Wild2/video\214.mp4,../Aff-Wild2/aligned\214,../Aff-Wild2/label/VA_Estimation_Challenge\Train_Set\214.txt,25.0,2556.0
../Aff-Wild2/video\215.mp4,../Aff-Wild2/aligned\215,../Aff-Wild2/label/VA_Estimation_Challenge\Train_Set\215.txt,29.97002997002997,3410.0
../Aff-Wild2/video\216.mp4,../Aff-Wild2/aligned\216,../Aff-Wild2/label/VA_Estimation_Challenge\Train_Set\216.txt,24.0,458.0
../Aff-Wild2/video\218.mp4,../Aff-Wild2/aligned\218,../Aff-Wild2/label/VA_Estimation_Challenge\Train_Set\218.txt,29.97002997002997,3850.0
../Aff-Wild2/video\22-30-1920x1080.mp4,../Aff-Wild2/aligned\22-30-1920x1080,../Aff-Wild2/label/VA_Estimation_Challenge\Train_Set\22-30-1920x1080.txt,30.0,5336.0
../Aff-Wild2/video\220.mp4,../Aff-Wild2/aligned\220,../Aff-Wild2/label/VA_Estimation_Challenge\Train_Set\220.txt,29.97002997002997,5026.0
../Aff-Wild2/video\221.mp4,../Aff-Wild2/aligned\221,../Aff-Wild2/label/VA_Estimation_Challenge\Train_Set\221.txt,29.5,5125.0
../Aff-Wild2/video\223.mp4,../Aff-Wild2/aligned\223,../Aff-Wild2/label/VA_Estimation_Challenge\Train_Set\223.txt,16.0,2798.0
../Aff-Wild2/video\224.mp4,../Aff-Wild2/aligned\224,../Aff-Wild2/label/VA_Estimation_Challenge\Train_Set\224.txt,23.26141012272399,2234.0
../Aff-Wild2/video\225.mp4,../Aff-Wild2/aligned\225,../Aff-Wild2/label/VA_Estimation_Challenge\Train_Set\225.txt,30.0,1463.0
../Aff-Wild2/video\226.mp4,../Aff-Wild2/aligned\226,../Aff-Wild2/label/VA_Estimation_Challenge\Train_Set\226.txt,30.0,4097.0
../Aff-Wild2/video\227.mp4,../Aff-Wild2/aligned\227,../Aff-Wild2/label/VA_Estimation_Challenge\Train_Set\227.txt,29.410713703093176,4418.0
../Aff-Wild2/video\228.mp4,../Aff-Wild2/aligned\228,../Aff-Wild2/label/VA_Estimation_Challenge\Train_Set\228.txt,23.982701294249754,2156.0
../Aff-Wild2/video\229.mp4,../Aff-Wild2/aligned\229,../Aff-Wild2/label/VA_Estimation_Challenge\Train_Set\229.txt,22.526534448880934,3563.0
../Aff-Wild2/video\23-24-1920x1080.mp4,../Aff-Wild2/aligned\23-24-1920x1080,../Aff-Wild2/label/VA_Estimation_Challenge\Train_Set\23-24-1920x1080.txt,30.0,5412.0
../Aff-Wild2/video\230.mp4,../Aff-Wild2/aligned\230,../Aff-Wild2/label/VA_Estimation_Challenge\Train_Set\230.txt,22.85898539500845,3971.0
../Aff-Wild2/video\231.mp4,../Aff-Wild2/aligned\231,../Aff-Wild2/label/VA_Estimation_Challenge\Train_Set\231.txt,28.295313304289966,4208.0
../Aff-Wild2/video\232.mp4,../Aff-Wild2/aligned\232,../Aff-Wild2/label/VA_Estimation_Challenge\Train_Set\232.txt,23.688407560450212,2373.0
../Aff-Wild2/video\233.mp4,../Aff-Wild2/aligned\233,../Aff-Wild2/label/VA_Estimation_Challenge\Train_Set\233.txt,29.97002997002997,4480.0
../Aff-Wild2/video\235.mp4,../Aff-Wild2/aligned\235,../Aff-Wild2/label/VA_Estimation_Challenge\Train_Set\235.txt,25.626950847573234,3683.0
../Aff-Wild2/video\236.mp4,../Aff-Wild2/aligned\236,../Aff-Wild2/label/VA_Estimation_Challenge\Train_Set\236.txt,21.66074775283748,3674.0
../Aff-Wild2/video\237.mp4,../Aff-Wild2/aligned\237,../Aff-Wild2/label/VA_Estimation_Challenge\Train_Set\237.txt,28.07881773399015,5435.0
../Aff-Wild2/video\238.mp4,../Aff-Wild2/aligned\238,../Aff-Wild2/label/VA_Estimation_Challenge\Train_Set\238.txt,24.175075058845813,3013.0
../Aff-Wild2/video\24-30-1920x1080-1.mp4,../Aff-Wild2/aligned\24-30-1920x1080-1,../Aff-Wild2/label/VA_Estimation_Challenge\Train_Set\24-30-1920x1080-1.txt,30.0,1913.0
../Aff-Wild2/video\24-30-1920x1080-2.mp4,../Aff-Wild2/aligned\24-30-1920x1080-2,../Aff-Wild2/label/VA_Estimation_Challenge\Train_Set\24-30-1920x1080-2.txt,30.0,4173.0
../Aff-Wild2/video\240.mp4,../Aff-Wild2/aligned\240,../Aff-Wild2/label/VA_Estimation_Challenge\Train_Set\240.txt,30.0,6792.0
../Aff-Wild2/video\242.mp4,../Aff-Wild2/aligned\242,../Aff-Wild2/label/VA_Estimation_Challenge\Train_Set\242.txt,29.97002997002997,7011.0
../Aff-Wild2/video\243.mp4,../Aff-Wild2/aligned\243,../Aff-Wild2/label/VA_Estimation_Challenge\Train_Set\243.txt,27.427037644718677,4121.0
../Aff-Wild2/video\245.mp4,../Aff-Wild2/aligned\245,../Aff-Wild2/label/VA_Estimation_Challenge\Train_Set\245.txt,30.0,2531.0
../Aff-Wild2/video\246.mp4,../Aff-Wild2/aligned\246,../Aff-Wild2/label/VA_Estimation_Challenge\Train_Set\246.txt,27.162864090087808,1346.0
../Aff-Wild2/video\247.mp4,../Aff-Wild2/aligned\247,../Aff-Wild2/label/VA_Estimation_Challenge\Train_Set\247.txt,19.4446538337662,2271.0
../Aff-Wild2/video\248.mp4,../Aff-Wild2/aligned\248,../Aff-Wild2/label/VA_Estimation_Challenge\Train_Set\248.txt,23.558272518050604,2268.0
../Aff-Wild2/video\249.mp4,../Aff-Wild2/aligned\249,../Aff-Wild2/label/VA_Estimation_Challenge\Train_Set\249.txt,22.882502728264825,2622.0
../Aff-Wild2/video\250.mp4,../Aff-Wild2/aligned\250,../Aff-Wild2/label/VA_Estimation_Challenge\Train_Set\250.txt,25.59867203974555,2929.0
../Aff-Wild2/video\251.mp4,../Aff-Wild2/aligned\251,../Aff-Wild2/label/VA_Estimation_Challenge\Train_Set\251.txt,23.701420622186674,2107.0
../Aff-Wild2/video\252.mp4,../Aff-Wild2/aligned\252,../Aff-Wild2/label/VA_Estimation_Challenge\Train_Set\252.txt,18.227513227513228,2757.0
../Aff-Wild2/video\253.mp4,../Aff-Wild2/aligned\253,../Aff-Wild2/label/VA_Estimation_Challenge\Train_Set\253.txt,23.850275598527347,2277.0
../Aff-Wild2/video\254.mp4,../Aff-Wild2/aligned\254,../Aff-Wild2/label/VA_Estimation_Challenge\Train_Set\254.txt,26.577708006279433,3387.0
../Aff-Wild2/video\255.mp4,../Aff-Wild2/aligned\255,../Aff-Wild2/label/VA_Estimation_Challenge\Train_Set\255.txt,21.885245901639344,1692.0
../Aff-Wild2/video\256.mp4,../Aff-Wild2/aligned\256,../Aff-Wild2/label/VA_Estimation_Challenge\Train_Set\256.txt,23.492957746478872,3337.0
../Aff-Wild2/video\257.mp4,../Aff-Wild2/aligned\257,../Aff-Wild2/label/VA_Estimation_Challenge\Train_Set\257.txt,25.715387467440653,4389.0
../Aff-Wild2/video\258.mp4,../Aff-Wild2/aligned\258,../Aff-Wild2/label/VA_Estimation_Challenge\Train_Set\258.txt,20.930771188355017,1465.0
../Aff-Wild2/video\259.mp4,../Aff-Wild2/aligned\259,../Aff-Wild2/label/VA_Estimation_Challenge\Train_Set\259.txt,27.72885283893395,2394.0
../Aff-Wild2/video\260.mp4,../Aff-Wild2/aligned\260,../Aff-Wild2/label/VA_Estimation_Challenge\Train_Set\260.txt,25.576127812549537,2405.0
../Aff-Wild2/video\261.mp4,../Aff-Wild2/aligned\261,../Aff-Wild2/label/VA_Estimation_Challenge\Train_Set\261.txt,25.412457365120087,2867.0
../Aff-Wild2/video\262.mp4,../Aff-Wild2/aligned\262,../Aff-Wild2/label/VA_Estimation_Challenge\Train_Set\262.txt,29.388808014762212,4754.0
../Aff-Wild2/video\264.mp4,../Aff-Wild2/aligned\264,../Aff-Wild2/label/VA_Estimation_Challenge\Train_Set\264.txt,29.345267735360615,4745.0
../Aff-Wild2/video\269.mp4,../Aff-Wild2/aligned\269,../Aff-Wild2/label/VA_Estimation_Challenge\Train_Set\269.txt,27.397670449441566,4698.0
../Aff-Wild2/video\271.mp4,../Aff-Wild2/aligned\271,../Aff-Wild2/label/VA_Estimation_Challenge\Train_Set\271.txt,23.005309607519553,2224.0
../Aff-Wild2/video\272.mp4,../Aff-Wild2/aligned\272,../Aff-Wild2/label/VA_Estimation_Challenge\Train_Set\272.txt,29.97002997002997,3334.0
../Aff-Wild2/video\273.mp4,../Aff-Wild2/aligned\273,../Aff-Wild2/label/VA_Estimation_Challenge\Train_Set\273.txt,29.97002997002997,4620.0
../Aff-Wild2/video\275.mp4,../Aff-Wild2/aligned\275,../Aff-Wild2/label/VA_Estimation_Challenge\Train_Set\275.txt,25.959880827137464,2448.0
../Aff-Wild2/video\276.mp4,../Aff-Wild2/aligned\276,../Aff-Wild2/label/VA_Estimation_Challenge\Train_Set\276.txt,22.68893230155784,1584.0
../Aff-Wild2/video\277.mp4,../Aff-Wild2/aligned\277,../Aff-Wild2/label/VA_Estimation_Challenge\Train_Set\277.txt,28.469443934666913,5172.0
../Aff-Wild2/video\278.mp4,../Aff-Wild2/aligned\278,../Aff-Wild2/label/VA_Estimation_Challenge\Train_Set\278.txt,23.976023976023978,4287.0
../Aff-Wild2/video\279.mp4,../Aff-Wild2/aligned\279,../Aff-Wild2/label/VA_Estimation_Challenge\Train_Set\279.txt,20.382387847723045,2213.0
../Aff-Wild2/video\28-30-1280x720-1.mp4,../Aff-Wild2/aligned\28-30-1280x720-1,../Aff-Wild2/label/VA_Estimation_Challenge\Train_Set\28-30-1280x720-1.txt,30.0,263.0
../Aff-Wild2/video\28-30-1280x720-2.mp4,../Aff-Wild2/aligned\28-30-1280x720-2,../Aff-Wild2/label/VA_Estimation_Challenge\Train_Set\28-30-1280x720-2.txt,30.0,397.0
../Aff-Wild2/video\28-30-1280x720-3.mp4,../Aff-Wild2/aligned\28-30-1280x720-3,../Aff-Wild2/label/VA_Estimation_Challenge\Train_Set\28-30-1280x720-3.txt,30.0,277.0
../Aff-Wild2/video\28-30-1280x720-4.mp4,../Aff-Wild2/aligned\28-30-1280x720-4,../Aff-Wild2/label/VA_Estimation_Challenge\Train_Set\28-30-1280x720-4.txt,30.0,277.0
../Aff-Wild2/video\280.mp4,../Aff-Wild2/aligned\280,../Aff-Wild2/label/VA_Estimation_Challenge\Train_Set\280.txt,20.319103494027367,3946.0
../Aff-Wild2/video\282.mp4,../Aff-Wild2/aligned\282,../Aff-Wild2/label/VA_Estimation_Challenge\Train_Set\282.txt,29.97002997002997,3615.0
../Aff-Wild2/video\283.mp4,../Aff-Wild2/aligned\283,../Aff-Wild2/label/VA_Estimation_Challenge\Train_Set\283.txt,29.97002997002997,4769.0
../Aff-Wild2/video\285.mp4,../Aff-Wild2/aligned\285,../Aff-Wild2/label/VA_Estimation_Challenge\Train_Set\285.txt,22.44934809487329,2989.0
../Aff-Wild2/video\287.mp4,../Aff-Wild2/aligned\287,../Aff-Wild2/label/VA_Estimation_Challenge\Train_Set\287.txt,18.625991458206222,1273.0
../Aff-Wild2/video\288.mp4,../Aff-Wild2/aligned\288,../Aff-Wild2/label/VA_Estimation_Challenge\Train_Set\288.txt,28.449295511610053,3200.0
../Aff-Wild2/video\29-24-1280x720.mp4,../Aff-Wild2/aligned\29-24-1280x720,../Aff-Wild2/label/VA_Estimation_Challenge\Train_Set\29-24-1280x720.txt,30.0,3684.0
../Aff-Wild2/video\290.mp4,../Aff-Wild2/aligned\290,../Aff-Wild2/label/VA_Estimation_Challenge\Train_Set\290.txt,29.97002997002997,3163.0
../Aff-Wild2/video\291.mp4,../Aff-Wild2/aligned\291,../Aff-Wild2/label/VA_Estimation_Challenge\Train_Set\291.txt,22.514431381426455,1831.0
../Aff-Wild2/video\292.mp4,../Aff-Wild2/aligned\292,../Aff-Wild2/label/VA_Estimation_Challenge\Train_Set\292.txt,30.0,4704.0
../Aff-Wild2/video\293.mp4,../Aff-Wild2/aligned\293,../Aff-Wild2/label/VA_Estimation_Challenge\Train_Set\293.txt,21.58251305008984,2111.0
../Aff-Wild2/video\294.mp4,../Aff-Wild2/aligned\294,../Aff-Wild2/label/VA_Estimation_Challenge\Train_Set\294.txt,22.79996727011998,3289.0
../Aff-Wild2/video\295.mp4,../Aff-Wild2/aligned\295,../Aff-Wild2/label/VA_Estimation_Challenge\Train_Set\295.txt,29.14268394144555,3770.0
../Aff-Wild2/video\296.mp4,../Aff-Wild2/aligned\296,../Aff-Wild2/label/VA_Estimation_Challenge\Train_Set\296.txt,22.711409395973153,6487.0
../Aff-Wild2/video\297.mp4,../Aff-Wild2/aligned\297,../Aff-Wild2/label/VA_Estimation_Challenge\Train_Set\297.txt,27.304366456486157,3289.0
../Aff-Wild2/video\298.mp4,../Aff-Wild2/aligned\298,../Aff-Wild2/label/VA_Estimation_Challenge\Train_Set\298.txt,24.118900395858397,2837.0
../Aff-Wild2/video\299.mp4,../Aff-Wild2/aligned\299,../Aff-Wild2/label/VA_Estimation_Challenge\Train_Set\299.txt,21.346329576606763,2337.0
../Aff-Wild2/video\30-30-1920x1080.mp4,../Aff-Wild2/aligned\30-30-1920x1080_left,../Aff-Wild2/label/VA_Estimation_Challenge\Train_Set\30-30-1920x1080_left.txt,30.0,3063.0
../Aff-Wild2/video\30-30-1920x1080.mp4,../Aff-Wild2/aligned\30-30-1920x1080_right,../Aff-Wild2/label/VA_Estimation_Challenge\Train_Set\30-30-1920x1080_right.txt,30.0,3063.0
../Aff-Wild2/video\305.mp4,../Aff-Wild2/aligned\305,../Aff-Wild2/label/VA_Estimation_Challenge\Train_Set\305.txt,24.235044997353096,4579.0
../Aff-Wild2/video\306.mp4,../Aff-Wild2/aligned\306,../Aff-Wild2/label/VA_Estimation_Challenge\Train_Set\306.txt,24.575424575424574,2297.0
../Aff-Wild2/video\308.mp4,../Aff-Wild2/aligned\308,../Aff-Wild2/label/VA_Estimation_Challenge\Train_Set\308.txt,29.71884984025559,4652.0
../Aff-Wild2/video\309.mp4,../Aff-Wild2/aligned\309,../Aff-Wild2/label/VA_Estimation_Challenge\Train_Set\309.txt,26.63291884209707,2499.0
../Aff-Wild2/video\31-30-1920x1080.mp4,../Aff-Wild2/aligned\31-30-1920x1080,../Aff-Wild2/label/VA_Estimation_Challenge\Train_Set\31-30-1920x1080.txt,30.0,4723.0
../Aff-Wild2/video\312.mp4,../Aff-Wild2/aligned\312,../Aff-Wild2/label/VA_Estimation_Challenge\Train_Set\312.txt,25.0,5110.0
../Aff-Wild2/video\314.mp4,../Aff-Wild2/aligned\314,../Aff-Wild2/label/VA_Estimation_Challenge\Train_Set\314.txt,21.353173938293736,2261.0
../Aff-Wild2/video\315.mp4,../Aff-Wild2/aligned\315,../Aff-Wild2/label/VA_Estimation_Challenge\Train_Set\315.txt,30.0,3938.0
../Aff-Wild2/video\317.mp4,../Aff-Wild2/aligned\317,../Aff-Wild2/label/VA_Estimation_Challenge\Train_Set\317.txt,20.91076625238116,1686.0
../Aff-Wild2/video\318.mp4,../Aff-Wild2/aligned\318,../Aff-Wild2/label/VA_Estimation_Challenge\Train_Set\318.txt,28.941197528077378,4108.0
../Aff-Wild2/video\319.mp4,../Aff-Wild2/aligned\319,../Aff-Wild2/label/VA_Estimation_Challenge\Train_Set\319.txt,29.623475506916765,2138.0
../Aff-Wild2/video\320.mp4,../Aff-Wild2/aligned\320,../Aff-Wild2/label/VA_Estimation_Challenge\Train_Set\320.txt,29.97002997002997,4739.0
../Aff-Wild2/video\321.mp4,../Aff-Wild2/aligned\321,../Aff-Wild2/label/VA_Estimation_Challenge\Train_Set\321.txt,28.967769587671707,3556.0
../Aff-Wild2/video\323.mp4,../Aff-Wild2/aligned\323,../Aff-Wild2/label/VA_Estimation_Challenge\Train_Set\323.txt,22.7545921882617,2937.0
../Aff-Wild2/video\324.mp4,../Aff-Wild2/aligned\324,../Aff-Wild2/label/VA_Estimation_Challenge\Train_Set\324.txt,29.97002997002997,5615.0
../Aff-Wild2/video\325.mp4,../Aff-Wild2/aligned\325,../Aff-Wild2/label/VA_Estimation_Challenge\Train_Set\325.txt,22.720808603161544,3223.0
../Aff-Wild2/video\326.mp4,../Aff-Wild2/aligned\326,../Aff-Wild2/label/VA_Estimation_Challenge\Train_Set\326.txt,24.227015921931176,4718.0
../Aff-Wild2/video\327.mp4,../Aff-Wild2/aligned\327,../Aff-Wild2/label/VA_Estimation_Challenge\Train_Set\327.txt,28.034086102958486,4157.0
../Aff-Wild2/video\328.mp4,../Aff-Wild2/aligned\328,../Aff-Wild2/label/VA_Estimation_Challenge\Train_Set\328.txt,28.478488982161593,2715.0
../Aff-Wild2/video\329.mp4,../Aff-Wild2/aligned\329,../Aff-Wild2/label/VA_Estimation_Challenge\Train_Set\329.txt,29.375134405005287,5087.0
../Aff-Wild2/video\33-30-1920x1080.mp4,../Aff-Wild2/aligned\33-30-1920x1080,../Aff-Wild2/label/VA_Estimation_Challenge\Train_Set\33-30-1920x1080.txt,30.0,10807.0
../Aff-Wild2/video\330.mp4,../Aff-Wild2/aligned\330,../Aff-Wild2/label/VA_Estimation_Challenge\Train_Set\330.txt,25.396590066716087,4569.0
../Aff-Wild2/video\331.mp4,../Aff-Wild2/aligned\331,../Aff-Wild2/label/VA_Estimation_Challenge\Train_Set\331.txt,23.20615164651862,2955.0
../Aff-Wild2/video\332.mp4,../Aff-Wild2/aligned\332,../Aff-Wild2/label/VA_Estimation_Challenge\Train_Set\332.txt,29.97,4666.0
../Aff-Wild2/video\334.mp4,../Aff-Wild2/aligned\334,../Aff-Wild2/label/VA_Estimation_Challenge\Train_Set\334.txt,24.83251934605263,3399.0
../Aff-Wild2/video\335.mp4,../Aff-Wild2/aligned\335,../Aff-Wild2/label/VA_Estimation_Challenge\Train_Set\335.txt,29.43132361946023,3279.0
../Aff-Wild2/video\337.mp4,../Aff-Wild2/aligned\337,../Aff-Wild2/label/VA_Estimation_Challenge\Train_Set\337.txt,22.340764331210192,2807.0
../Aff-Wild2/video\339.mp4,../Aff-Wild2/aligned\339,../Aff-Wild2/label/VA_Estimation_Challenge\Train_Set\339.txt,25.674344150393715,4633.0
../Aff-Wild2/video\34-25-1920x1080.mp4,../Aff-Wild2/aligned\34-25-1920x1080,../Aff-Wild2/label/VA_Estimation_Challenge\Train_Set\34-25-1920x1080.txt,30.0,7758.0
../Aff-Wild2/video\341.mp4,../Aff-Wild2/aligned\341,../Aff-Wild2/label/VA_Estimation_Challenge\Train_Set\341.txt,23.55603269540817,3097.0
../Aff-Wild2/video\345.mp4,../Aff-Wild2/aligned\345,../Aff-Wild2/label/VA_Estimation_Challenge\Train_Set\345.txt,21.905129482304414,2345.0
../Aff-Wild2/video\346.mp4,../Aff-Wild2/aligned\346,../Aff-Wild2/label/VA_Estimation_Challenge\Train_Set\346.txt,28.365719980069755,5694.0
../Aff-Wild2/video\347.mp4,../Aff-Wild2/aligned\347,../Aff-Wild2/label/VA_Estimation_Challenge\Train_Set\347.txt,22.772585669781932,2925.0
../Aff-Wild2/video\348.mp4,../Aff-Wild2/aligned\348,../Aff-Wild2/label/VA_Estimation_Challenge\Train_Set\348.txt,24.262939506442454,4445.0
../Aff-Wild2/video\35-30-1920x1080.mp4,../Aff-Wild2/aligned\35-30-1920x1080,../Aff-Wild2/label/VA_Estimation_Challenge\Train_Set\35-30-1920x1080.txt,30.0,20808.0
../Aff-Wild2/video\350.mp4,../Aff-Wild2/aligned\350,../Aff-Wild2/label/VA_Estimation_Challenge\Train_Set\350.txt,29.10342669378814,2016.0
../Aff-Wild2/video\354.mp4,../Aff-Wild2/aligned\354,../Aff-Wild2/label/VA_Estimation_Challenge\Train_Set\354.txt,24.957,5390.0
../Aff-Wild2/video\355.mp4,../Aff-Wild2/aligned\355,../Aff-Wild2/label/VA_Estimation_Challenge\Train_Set\355.txt,21.756336149399733,1632.0
../Aff-Wild2/video\359.mp4,../Aff-Wild2/aligned\359,../Aff-Wild2/label/VA_Estimation_Challenge\Train_Set\359.txt,22.95026748563503,3862.0
../Aff-Wild2/video\360.mp4,../Aff-Wild2/aligned\360,../Aff-Wild2/label/VA_Estimation_Challenge\Train_Set\360.txt,25.0,3510.0
../Aff-Wild2/video\361.mp4,../Aff-Wild2/aligned\361,../Aff-Wild2/label/VA_Estimation_Challenge\Train_Set\361.txt,29.97002997002997,4603.0
../Aff-Wild2/video\362.mp4,../Aff-Wild2/aligned\362,../Aff-Wild2/label/VA_Estimation_Challenge\Train_Set\362.txt,29.97002997002997,4913.0
../Aff-Wild2/video\363.mp4,../Aff-Wild2/aligned\363,../Aff-Wild2/label/VA_Estimation_Challenge\Train_Set\363.txt,30.0,3241.0
../Aff-Wild2/video\364.mp4,../Aff-Wild2/aligned\364,../Aff-Wild2/label/VA_Estimation_Challenge\Train_Set\364.txt,22.11017325633052,3319.0
../Aff-Wild2/video\368.mp4,../Aff-Wild2/aligned\368,../Aff-Wild2/label/VA_Estimation_Challenge\Train_Set\368.txt,20.130584192439862,2930.0
../Aff-Wild2/video\369.mp4,../Aff-Wild2/aligned\369,../Aff-Wild2/label/VA_Estimation_Challenge\Train_Set\369.txt,30.0,4439.0
../Aff-Wild2/video\37-30-1280x720.mp4,../Aff-Wild2/aligned\37-30-1280x720,../Aff-Wild2/label/VA_Estimation_Challenge\Train_Set\37-30-1280x720.txt,30.0,2707.0
../Aff-Wild2/video\371.mp4,../Aff-Wild2/aligned\371,../Aff-Wild2/label/VA_Estimation_Challenge\Train_Set\371.txt,20.54380664652568,681.0
../Aff-Wild2/video\372.mp4,../Aff-Wild2/aligned\372,../Aff-Wild2/label/VA_Estimation_Challenge\Train_Set\372.txt,13.498655753355806,2043.0
../Aff-Wild2/video\373.mp4,../Aff-Wild2/aligned\373,../Aff-Wild2/label/VA_Estimation_Challenge\Train_Set\373.txt,21.119500130174433,2705.0
../Aff-Wild2/video\374.mp4,../Aff-Wild2/aligned\374,../Aff-Wild2/label/VA_Estimation_Challenge\Train_Set\374.txt,7.5,1213.0
../Aff-Wild2/video\376.mp4,../Aff-Wild2/aligned\376,../Aff-Wild2/label/VA_Estimation_Challenge\Train_Set\376.txt,20.476190476190474,3570.0
../Aff-Wild2/video\377.mp4,../Aff-Wild2/aligned\377,../Aff-Wild2/label/VA_Estimation_Challenge\Train_Set\377.txt,20.08499381529154,3445.0
../Aff-Wild2/video\378.mp4,../Aff-Wild2/aligned\378,../Aff-Wild2/label/VA_Estimation_Challenge\Train_Set\378.txt,29.97002997002997,3481.0
../Aff-Wild2/video\383.mp4,../Aff-Wild2/aligned\383,../Aff-Wild2/label/VA_Estimation_Challenge\Train_Set\383.txt,16.500881360701758,2555.0
../Aff-Wild2/video\384.mp4,../Aff-Wild2/aligned\384,../Aff-Wild2/label/VA_Estimation_Challenge\Train_Set\384.txt,21.32001647446458,3452.0
../Aff-Wild2/video\385.mp4,../Aff-Wild2/aligned\385,../Aff-Wild2/label/VA_Estimation_Challenge\Train_Set\385.txt,20.08349677793497,2977.0
../Aff-Wild2/video\386.mp4,../Aff-Wild2/aligned\386,../Aff-Wild2/label/VA_Estimation_Challenge\Train_Set\386.txt,20.455607476635514,1752.0
../Aff-Wild2/video\387.mp4,../Aff-Wild2/aligned\387,../Aff-Wild2/label/VA_Estimation_Challenge\Train_Set\387.txt,20.083507652568425,2912.0
../Aff-Wild2/video\388.mp4,../Aff-Wild2/aligned\388,../Aff-Wild2/label/VA_Estimation_Challenge\Train_Set\388.txt,27.735451728329537,4159.0
../Aff-Wild2/video\389.mp4,../Aff-Wild2/aligned\389,../Aff-Wild2/label/VA_Estimation_Challenge\Train_Set\389.txt,25.65641799012712,4557.0
../Aff-Wild2/video\39-25-424x240.mp4,../Aff-Wild2/aligned\39-25-424x240,../Aff-Wild2/label/VA_Estimation_Challenge\Train_Set\39-25-424x240.txt,30.0,4591.0
../Aff-Wild2/video\391.mp4,../Aff-Wild2/aligned\391,../Aff-Wild2/label/VA_Estimation_Challenge\Train_Set\391.txt,22.2831743894205,3584.0
../Aff-Wild2/video\392.mp4,../Aff-Wild2/aligned\392,../Aff-Wild2/label/VA_Estimation_Challenge\Train_Set\392.txt,30.0,3551.0
../Aff-Wild2/video\393.mp4,../Aff-Wild2/aligned\393,../Aff-Wild2/label/VA_Estimation_Challenge\Train_Set\393.txt,29.094128620194972,4917.0
../Aff-Wild2/video\394.mp4,../Aff-Wild2/aligned\394,../Aff-Wild2/label/VA_Estimation_Challenge\Train_Set\394.txt,29.061470091370424,2336.0
../Aff-Wild2/video\395.mp4,../Aff-Wild2/aligned\395,../Aff-Wild2/label/VA_Estimation_Challenge\Train_Set\395.txt,29.97002997002997,5154.0
../Aff-Wild2/video\398.mp4,../Aff-Wild2/aligned\398,../Aff-Wild2/label/VA_Estimation_Challenge\Train_Set\398.txt,27.004417853370445,3270.0
../Aff-Wild2/video\399.mp4,../Aff-Wild2/aligned\399,../Aff-Wild2/label/VA_Estimation_Challenge\Train_Set\399.txt,29.086090314389736,5200.0
../Aff-Wild2/video\4-30-1920x1080.mp4,../Aff-Wild2/aligned\4-30-1920x1080,../Aff-Wild2/label/VA_Estimation_Challenge\Train_Set\4-30-1920x1080.txt,30.0,8261.0
../Aff-Wild2/video\400.mp4,../Aff-Wild2/aligned\400,../Aff-Wild2/label/VA_Estimation_Challenge\Train_Set\400.txt,23.26400444600974,2641.0
../Aff-Wild2/video\402.mp4,../Aff-Wild2/aligned\402,../Aff-Wild2/label/VA_Estimation_Challenge\Train_Set\402.txt,28.518931036684425,4423.0
../Aff-Wild2/video\403.mp4,../Aff-Wild2/aligned\403,../Aff-Wild2/label/VA_Estimation_Challenge\Train_Set\403.txt,20.10213556174559,2166.0
../Aff-Wild2/video\406.mp4,../Aff-Wild2/aligned\406,../Aff-Wild2/label/VA_Estimation_Challenge\Train_Set\406.txt,30.0,3067.0
../Aff-Wild2/video\407.mp4,../Aff-Wild2/aligned\407,../Aff-Wild2/label/VA_Estimation_Challenge\Train_Set\407.txt,27.1415027257644,3818.0
../Aff-Wild2/video\409.mp4,../Aff-Wild2/aligned\409,../Aff-Wild2/label/VA_Estimation_Challenge\Train_Set\409.txt,22.774192951109548,3609.0
../Aff-Wild2/video\41-24-1280x720.mp4,../Aff-Wild2/aligned\41-24-1280x720,../Aff-Wild2/label/VA_Estimation_Challenge\Train_Set\41-24-1280x720.txt,30.0,6161.0
../Aff-Wild2/video\412.mp4,../Aff-Wild2/aligned\412,../Aff-Wild2/label/VA_Estimation_Challenge\Train_Set\412.txt,10.0,1474.0
../Aff-Wild2/video\415.mp4,../Aff-Wild2/aligned\415,../Aff-Wild2/label/VA_Estimation_Challenge\Train_Set\415.txt,21.58364312267658,2904.0
../Aff-Wild2/video\418.mp4,../Aff-Wild2/aligned\418,../Aff-Wild2/label/VA_Estimation_Challenge\Train_Set\418.txt,29.97002997002997,2907.0
../Aff-Wild2/video\419.mp4,../Aff-Wild2/aligned\419,../Aff-Wild2/label/VA_Estimation_Challenge\Train_Set\419.txt,29.97002997002997,6964.0
../Aff-Wild2/video\420.mp4,../Aff-Wild2/aligned\420,../Aff-Wild2/label/VA_Estimation_Challenge\Train_Set\420.txt,25.772753045480318,3151.0
../Aff-Wild2/video\421.mp4,../Aff-Wild2/aligned\421,../Aff-Wild2/label/VA_Estimation_Challenge\Train_Set\421.txt,24.368344206400888,3616.0
../Aff-Wild2/video\423.mp4,../Aff-Wild2/aligned\423,../Aff-Wild2/label/VA_Estimation_Challenge\Train_Set\423.txt,29.97002997002997,5266.0
../Aff-Wild2/video\424.mp4,../Aff-Wild2/aligned\424,../Aff-Wild2/label/VA_Estimation_Challenge\Train_Set\424.txt,27.307455329636475,4433.0
../Aff-Wild2/video\425.mp4,../Aff-Wild2/aligned\425,../Aff-Wild2/label/VA_Estimation_Challenge\Train_Set\425.txt,29.97002997002997,5071.0
../Aff-Wild2/video\426.mp4,../Aff-Wild2/aligned\426,../Aff-Wild2/label/VA_Estimation_Challenge\Train_Set\426.txt,28.699763365511124,2780.0
../Aff-Wild2/video\427.mp4,../Aff-Wild2/aligned\427,../Aff-Wild2/label/VA_Estimation_Challenge\Train_Set\427.txt,20.829545454545453,1223.0
../Aff-Wild2/video\428.mp4,../Aff-Wild2/aligned\428,../Aff-Wild2/label/VA_Estimation_Challenge\Train_Set\428.txt,30.0,3230.0
../Aff-Wild2/video\429.mp4,../Aff-Wild2/aligned\429,../Aff-Wild2/label/VA_Estimation_Challenge\Train_Set\429.txt,20.817088345085025,1674.0
../Aff-Wild2/video\430.mp4,../Aff-Wild2/aligned\430,../Aff-Wild2/label/VA_Estimation_Challenge\Train_Set\430.txt,24.026200873362445,1835.0
../Aff-Wild2/video\433.mp4,../Aff-Wild2/aligned\433,../Aff-Wild2/label/VA_Estimation_Challenge\Train_Set\433.txt,20.348271766041144,4311.0
../Aff-Wild2/video\435.mp4,../Aff-Wild2/aligned\435,../Aff-Wild2/label/VA_Estimation_Challenge\Train_Set\435.txt,21.243750796640654,1951.0
../Aff-Wild2/video\44-25-426x240.mp4,../Aff-Wild2/aligned\44-25-426x240,../Aff-Wild2/label/VA_Estimation_Challenge\Train_Set\44-25-426x240.txt,30.0,301.0
../Aff-Wild2/video\440.mp4,../Aff-Wild2/aligned\440,../Aff-Wild2/label/VA_Estimation_Challenge\Train_Set\440.txt,21.479713603818617,2521.0
../Aff-Wild2/video\441.mp4,../Aff-Wild2/aligned\441,../Aff-Wild2/label/VA_Estimation_Challenge\Train_Set\441.txt,30.0,2702.0
../Aff-Wild2/video\446.mp4,../Aff-Wild2/aligned\446,../Aff-Wild2/label/VA_Estimation_Challenge\Train_Set\446.txt,17.0,2249.0
../Aff-Wild2/video\447.mp4,../Aff-Wild2/aligned\447,../Aff-Wild2/label/VA_Estimation_Challenge\Train_Set\447.txt,28.424989581229678,3994.0
../Aff-Wild2/video\448.mp4,../Aff-Wild2/aligned\448,../Aff-Wild2/label/VA_Estimation_Challenge\Train_Set\448.txt,24.529897718332023,4158.0
../Aff-Wild2/video\449.mp4,../Aff-Wild2/aligned\449,../Aff-Wild2/label/VA_Estimation_Challenge\Train_Set\449.txt,25.995982039938085,3553.0
../Aff-Wild2/video\45-24-1280x720.mp4,../Aff-Wild2/aligned\45-24-1280x720,../Aff-Wild2/label/VA_Estimation_Challenge\Train_Set\45-24-1280x720.txt,30.0,6082.0
../Aff-Wild2/video\46-30-484x360.mp4,../Aff-Wild2/aligned\46-30-484x360_left,../Aff-Wild2/label/VA_Estimation_Challenge\Train_Set\46-30-484x360_left.txt,30.0,2945.0
../Aff-Wild2/video\46-30-484x360.mp4,../Aff-Wild2/aligned\46-30-484x360_right,../Aff-Wild2/label/VA_Estimation_Challenge\Train_Set\46-30-484x360_right.txt,30.0,2945.0
../Aff-Wild2/video\47-30-654x480.mp4,../Aff-Wild2/aligned\47-30-654x480,../Aff-Wild2/label/VA_Estimation_Challenge\Train_Set\47-30-654x480.txt,30.0,4034.0
../Aff-Wild2/video\486.avi,../Aff-Wild2/aligned\486,../Aff-Wild2/label/VA_Estimation_Challenge\Train_Set\486.txt,29.97002997002997,20200.0
../Aff-Wild2/video\487.avi,../Aff-Wild2/aligned\487,../Aff-Wild2/label/VA_Estimation_Challenge\Train_Set\487.txt,29.97002997002997,11919.0
../Aff-Wild2/video\488.avi,../Aff-Wild2/aligned\488,../Aff-Wild2/label/VA_Estimation_Challenge\Train_Set\488.txt,23.976023976023978,6017.0
../Aff-Wild2/video\489.avi,../Aff-Wild2/aligned\489,../Aff-Wild2/label/VA_Estimation_Challenge\Train_Set\489.txt,29.97002997002997,11980.0
../Aff-Wild2/video\490.avi,../Aff-Wild2/aligned\490,../Aff-Wild2/label/VA_Estimation_Challenge\Train_Set\490.txt,30.0,7312.0
../Aff-Wild2/video\491.avi,../Aff-Wild2/aligned\491,../Aff-Wild2/label/VA_Estimation_Challenge\Train_Set\491.txt,29.97002997002997,10212.0
../Aff-Wild2/video\492.mp4,../Aff-Wild2/aligned\492,../Aff-Wild2/label/VA_Estimation_Challenge\Train_Set\492.txt,8.333333333333334,510.0
../Aff-Wild2/video\493.avi,../Aff-Wild2/aligned\493,../Aff-Wild2/label/VA_Estimation_Challenge\Train_Set\493.txt,6.0,871.0
../Aff-Wild2/video\494.mp4,../Aff-Wild2/aligned\494,../Aff-Wild2/label/VA_Estimation_Challenge\Train_Set\494.txt,19.916666666666668,1700.0
../Aff-Wild2/video\495.avi,../Aff-Wild2/aligned\495,../Aff-Wild2/label/VA_Estimation_Challenge\Train_Set\495.txt,23.976023976023978,2907.0
../Aff-Wild2/video\496.avi,../Aff-Wild2/aligned\496,../Aff-Wild2/label/VA_Estimation_Challenge\Train_Set\496.txt,29.97002997002997,7233.0
../Aff-Wild2/video\497.mp4,../Aff-Wild2/aligned\497,../Aff-Wild2/label/VA_Estimation_Challenge\Train_Set\497.txt,30.0,6328.0
../Aff-Wild2/video\498.avi,../Aff-Wild2/aligned\498,../Aff-Wild2/label/VA_Estimation_Challenge\Train_Set\498.txt,9.0,2200.0
../Aff-Wild2/video\499.avi,../Aff-Wild2/aligned\499,../Aff-Wild2/label/VA_Estimation_Challenge\Train_Set\499.txt,15.0,6564.0
../Aff-Wild2/video\5-60-1920x1080-1.mp4,../Aff-Wild2/aligned\5-60-1920x1080-1,../Aff-Wild2/label/VA_Estimation_Challenge\Train_Set\5-60-1920x1080-1.txt,30.0,6154.0
../Aff-Wild2/video\5-60-1920x1080-2.mp4,../Aff-Wild2/aligned\5-60-1920x1080-2,../Aff-Wild2/label/VA_Estimation_Challenge\Train_Set\5-60-1920x1080-2.txt,30.0,6214.0
../Aff-Wild2/video\5-60-1920x1080-3.mp4,../Aff-Wild2/aligned\5-60-1920x1080-3,../Aff-Wild2/label/VA_Estimation_Challenge\Train_Set\5-60-1920x1080-3.txt,30.0,6334.0
../Aff-Wild2/video\5-60-1920x1080-4.mp4,../Aff-Wild2/aligned\5-60-1920x1080-4,../Aff-Wild2/label/VA_Estimation_Challenge\Train_Set\5-60-1920x1080-4.txt,30.0,4893.0
../Aff-Wild2/video\50-30-1920x1080.mp4,../Aff-Wild2/aligned\50-30-1920x1080,../Aff-Wild2/label/VA_Estimation_Challenge\Train_Set\50-30-1920x1080.txt,30.0,2700.0
../Aff-Wild2/video\500.avi,../Aff-Wild2/aligned\500,../Aff-Wild2/label/VA_Estimation_Challenge\Train_Set\500.txt,14.752213717544649,3120.0
../Aff-Wild2/video\51-30-1280x720.mp4,../Aff-Wild2/aligned\51-30-1280x720,../Aff-Wild2/label/VA_Estimation_Challenge\Train_Set\51-30-1280x720.txt,30.0,2500.0
../Aff-Wild2/video\52-30-1280x720.mp4,../Aff-Wild2/aligned\52-30-1280x720_left,../Aff-Wild2/label/VA_Estimation_Challenge\Train_Set\52-30-1280x720_left.txt,30.0,1925.0
../Aff-Wild2/video\52-30-1280x720.mp4,../Aff-Wild2/aligned\52-30-1280x720_right,../Aff-Wild2/label/VA_Estimation_Challenge\Train_Set\52-30-1280x720_right.txt,30.0,1925.0
../Aff-Wild2/video\54-30-1080x1920.mp4,../Aff-Wild2/aligned\54-30-1080x1920,../Aff-Wild2/label/VA_Estimation_Challenge\Train_Set\54-30-1080x1920.txt,30.0,6446.0
../Aff-Wild2/video\57-25-426x240.mp4,../Aff-Wild2/aligned\57-25-426x240,../Aff-Wild2/label/VA_Estimation_Challenge\Train_Set\57-25-426x240.txt,30.0,301.0
../Aff-Wild2/video\59-30-1280x720.mp4,../Aff-Wild2/aligned\59-30-1280x720,../Aff-Wild2/label/VA_Estimation_Challenge\Train_Set\59-30-1280x720.txt,30.0,7742.0
../Aff-Wild2/video\60-30-1920x1080.mp4,../Aff-Wild2/aligned\60-30-1920x1080,../Aff-Wild2/label/VA_Estimation_Challenge\Train_Set\60-30-1920x1080.txt,30.0,4565.0
../Aff-Wild2/video\61-24-1920x1080.mp4,../Aff-Wild2/aligned\61-24-1920x1080,../Aff-Wild2/label/VA_Estimation_Challenge\Train_Set\61-24-1920x1080.txt,30.0,9157.0
../Aff-Wild2/video\63-30-1920x1080.mp4,../Aff-Wild2/aligned\63-30-1920x1080,../Aff-Wild2/label/VA_Estimation_Challenge\Train_Set\63-30-1920x1080.txt,30.0,2413.0
../Aff-Wild2/video\64-24-640x360.mp4,../Aff-Wild2/aligned\64-24-640x360,../Aff-Wild2/label/VA_Estimation_Challenge\Train_Set\64-24-640x360.txt,30.0,4919.0
../Aff-Wild2/video\65-30-400x228.mp4,../Aff-Wild2/aligned\65-30-400x228,../Aff-Wild2/label/VA_Estimation_Challenge\Train_Set\65-30-400x228.txt,30.0,6668.0
../Aff-Wild2/video\66-25-1080x1920.mp4,../Aff-Wild2/aligned\66-25-1080x1920,../Aff-Wild2/label/VA_Estimation_Challenge\Train_Set\66-25-1080x1920.txt,30.0,2914.0
../Aff-Wild2/video\67-24-640x360.mp4,../Aff-Wild2/aligned\67-24-640x360,../Aff-Wild2/label/VA_Estimation_Challenge\Train_Set\67-24-640x360.txt,30.0,3462.0
../Aff-Wild2/video\68-24-1920x1080.mp4,../Aff-Wild2/aligned\68-24-1920x1080,../Aff-Wild2/label/VA_Estimation_Challenge\Train_Set\68-24-1920x1080.txt,30.0,7190.0
../Aff-Wild2/video\69-25-854x480.mp4,../Aff-Wild2/aligned\69-25-854x480,../Aff-Wild2/label/VA_Estimation_Challenge\Train_Set\69-25-854x480.txt,30.0,18782.0
../Aff-Wild2/video\7-60-1920x1080.mp4,../Aff-Wild2/aligned\7-60-1920x1080,../Aff-Wild2/label/VA_Estimation_Challenge\Train_Set\7-60-1920x1080.txt,30.0,23149.0
../Aff-Wild2/video\71-30-1920x1080.mp4,../Aff-Wild2/aligned\71-30-1920x1080,../Aff-Wild2/label/VA_Estimation_Challenge\Train_Set\71-30-1920x1080.txt,30.0,8002.0
../Aff-Wild2/video\75-30-960x720.mp4,../Aff-Wild2/aligned\75-30-960x720,../Aff-Wild2/label/VA_Estimation_Challenge\Train_Set\75-30-960x720.txt,30.0,1954.0
../Aff-Wild2/video\78-30-960x720.mp4,../Aff-Wild2/aligned\78-30-960x720,../Aff-Wild2/label/VA_Estimation_Challenge\Train_Set\78-30-960x720.txt,30.0,4443.0
../Aff-Wild2/video\82-25-854x480.mp4,../Aff-Wild2/aligned\82-25-854x480,../Aff-Wild2/label/VA_Estimation_Challenge\Train_Set\82-25-854x480.txt,30.0,5403.0
../Aff-Wild2/video\83-24-1920x1080.mp4,../Aff-Wild2/aligned\83-24-1920x1080,../Aff-Wild2/label/VA_Estimation_Challenge\Train_Set\83-24-1920x1080.txt,30.0,5344.0
../Aff-Wild2/video\85-24-1280x720.mp4,../Aff-Wild2/aligned\85-24-1280x720,../Aff-Wild2/label/VA_Estimation_Challenge\Train_Set\85-24-1280x720.txt,30.0,2665.0
../Aff-Wild2/video\86-24-1920x1080.mp4,../Aff-Wild2/aligned\86-24-1920x1080,../Aff-Wild2/label/VA_Estimation_Challenge\Train_Set\86-24-1920x1080.txt,30.0,4996.0
../Aff-Wild2/video\87-25-1920x1080.mp4,../Aff-Wild2/aligned\87-25-1920x1080,../Aff-Wild2/label/VA_Estimation_Challenge\Train_Set\87-25-1920x1080.txt,30.0,1803.0
../Aff-Wild2/video\89-30-1080x1920.mp4,../Aff-Wild2/aligned\89-30-1080x1920,../Aff-Wild2/label/VA_Estimation_Challenge\Train_Set\89-30-1080x1920.txt,30.0,631.0
../Aff-Wild2/video\9-15-1920x1080.mp4,../Aff-Wild2/aligned\9-15-1920x1080,../Aff-Wild2/label/VA_Estimation_Challenge\Train_Set\9-15-1920x1080.txt,30.0,47435.0
../Aff-Wild2/video\90-30-1080x1920.mp4,../Aff-Wild2/aligned\90-30-1080x1920,../Aff-Wild2/label/VA_Estimation_Challenge\Train_Set\90-30-1080x1920.txt,30.0,7414.0
../Aff-Wild2/video\92-24-1920x1080.mp4,../Aff-Wild2/aligned\92-24-1920x1080,../Aff-Wild2/label/VA_Estimation_Challenge\Train_Set\92-24-1920x1080.txt,30.0,8164.0
../Aff-Wild2/video\93-24-640x360.mp4,../Aff-Wild2/aligned\93-24-640x360,../Aff-Wild2/label/VA_Estimation_Challenge\Train_Set\93-24-640x360.txt,30.0,2582.0
../Aff-Wild2/video\94-30-1920x1080.mp4,../Aff-Wild2/aligned\94-30-1920x1080,../Aff-Wild2/label/VA_Estimation_Challenge\Train_Set\94-30-1920x1080.txt,30.0,2102.0
../Aff-Wild2/video\95-24-1920x1080.mp4,../Aff-Wild2/aligned\95-24-1920x1080,../Aff-Wild2/label/VA_Estimation_Challenge\Train_Set\95-24-1920x1080.txt,30.0,2884.0
../Aff-Wild2/video\96-30-1280x720.mp4,../Aff-Wild2/aligned\96-30-1280x720,../Aff-Wild2/label/VA_Estimation_Challenge\Train_Set\96-30-1280x720.txt,30.0,5604.0
../Aff-Wild2/video\97-29-1920x1080.mp4,../Aff-Wild2/aligned\97-29-1920x1080,../Aff-Wild2/label/VA_Estimation_Challenge\Train_Set\97-29-1920x1080.txt,30.0,3367.0
../Aff-Wild2/video\98-30-360x360.mp4,../Aff-Wild2/aligned\98-30-360x360,../Aff-Wild2/label/VA_Estimation_Challenge\Train_Set\98-30-360x360.txt,30.0,6646.0
../Aff-Wild2/video\99-30-720x720.mp4,../Aff-Wild2/aligned\99-30-720x720,../Aff-Wild2/label/VA_Estimation_Challenge\Train_Set\99-30-720x720.txt,30.0,1801.0
